name,email
Alex Morgan,alex.morgan@gmail.com
Jordan Lee,jordan.lee@outlook.com
Taylor Kim,taylor.kim@yahoo.com
Casey Johnson,casey.johnson@gmail.com
Riley Patel,riley.patel@outlook.com
Morgan Chen,morgan.chen@gmail.com
Jamie Rivera,jamie.rivera@yahoo.com
Avery Thompson,avery.thompson@outlook.com
Cameron Nguyen,cameron.nguyen@gmail.com
Quinn Harris,quinn.harris@yahoo.com
Drew Martinez,drew.martinez@outlook.com
Reese Anderson,reese.anderson@gmail.com
Parker Wright,parker.wright@yahoo.com
Rowan Clark,rowan.clark@outlook.com
Skyler Davis,skyler.davis@gmail.com
Emerson Lewis,emerson.lewis@yahoo.com
Hayden Walker,hayden.walker@outlook.com
Kendall Scott,kendall.scott@gmail.com
Finley Baker,finley.baker@yahoo.com
Harper Young,harper.young@outlook.com
Logan Brooks,logan.brooks@gmail.com
Sage Cooper,sage.cooper@yahoo.com
Blake Turner,blake.turner@outlook.com